date,volailler_paris_ca_ttc_base_100k,train_valid_test
2019-12-01,270.6581652810668,train
2019-12-03,183.82307719090298,train
2019-12-04,144.6209551304001,train
2019-12-05,320.1231684657146,train
2019-12-06,168.2637853343313,train
2019-12-07,354.5758861481233,train
2019-12-08,128.73461714663483,train
2019-12-10,191.73006851384827,train
2019-12-11,128.95457737377387,train
2019-12-12,290.61666168041916,train
2019-12-13,260.7917914084751,train
2019-12-14,578.9903078867231,train
2019-12-15,270.73920325948643,train
2019-12-16,17.790730476626894,train
2019-12-17,462.81078896810317,train
2019-12-18,141.1826294745952,train
2019-12-19,532.6307958036566,train
2019-12-20,654.0459469708886,train
2019-12-21,902.9714629679158,train
2019-12-22,527.9103335607124,train
2019-12-23,704.6339049993516,train
2019-12-24,809.9745943043441,train
2019-12-27,257.0814096822614,train
2019-12-28,197.20302627068924,train
2019-12-29,53.38376828394063,train
2019-12-30,251.23799259550202,train
2019-12-31,509.5205008864831,train
2020-01-03,60.85373336612284,train
2020-01-04,472.648220705545,train
2020-01-05,80.59516375185119,train
2020-01-07,122.3876069082677,train
2020-01-08,21.087239670197423,train
2020-01-09,69.97050593833282,train
2020-01-10,135.29001075808105,train
2020-01-11,232.65135340225362,train
2020-01-12,42.65781299739772,train
2020-01-14,102.3191303953458,train
2020-01-15,64.91431492765001,train
2020-01-16,73.19755400754364,train
2020-01-17,197.77318633314175,train
2020-01-18,276.25846843256716,train
2020-01-19,116.4428923484838,train
2020-01-21,60.84794493909287,train
2020-01-22,26.100017478155415,train
2020-01-23,75.85733622781699,train
2020-01-24,180.5584043459973,train
2020-01-25,164.02665674838988,train
2020-01-26,107.49398416014309,train
2020-01-28,56.434269328737244,train
2020-01-29,76.3522467388798,train
2020-01-30,65.02140082770454,train
2020-01-31,193.52737510665537,train
2020-02-01,266.69888119256416,train
2020-02-02,20.297119380605892,train
2020-02-04,135.71835435829917,train
2020-02-05,51.852729334512354,train
2020-02-06,70.68537667653467,train
2020-02-07,195.8456401321602,train
2020-02-08,291.06237056172716,train
2020-02-09,49.55472380361245,train
2020-02-11,29.199720152706806,train
2020-02-12,80.92799830607471,train
2020-02-13,100.61443863501829,train
2020-02-14,198.11470352791025,train
2020-02-15,196.86440328943573,train
2020-02-16,45.49703645560025,train
2020-02-18,42.62887086224785,train
2020-02-19,70.50304122509048,train
2020-02-20,88.37770389365201,train
2020-02-21,233.43568526481516,train
2020-02-22,245.8026596143559,train
2020-02-23,72.36112630171232,train
2020-02-25,87.89437023664912,train
2020-02-26,60.422495552389734,train
2020-02-27,45.32048943118603,train
2020-02-28,161.5115852038659,train
2020-02-29,385.35584688001325,train
2020-03-01,88.09117675566826,train
2020-03-03,79.80793767577462,train
2020-03-04,39.054517171238544,train
2020-03-05,44.92687639314776,train
2020-03-06,129.09060540897826,train
2020-03-07,368.18447809559365,train
2020-03-08,117.67872151938337,train
2020-03-10,51.49095264513895,train
2020-03-11,53.898938289608374,train
2020-03-12,69.62030610301936,train
2020-03-13,189.3568134315587,train
2020-03-14,361.96770746540096,train
2020-03-15,149.9520964250067,train
2020-03-16,130.3351172204228,train
2020-03-17,179.45570899678714,train
2020-03-18,63.28776693222716,train
2020-03-19,89.21992002651331,train
2020-03-20,110.56185048602961,train
2020-03-21,494.06829492996593,train
2020-03-22,92.7971679310376,train
2020-03-24,4.4744540941703566,train
2020-03-31,185.12836748616226,train
2020-04-01,80.49676049234161,train
2020-04-02,194.31460118273193,train
2020-04-03,339.7169939621786,train
2020-04-04,393.41912573276784,train
2020-04-05,86.75115589822914,train
2020-04-07,58.15922058366967,train
2020-04-08,102.79378141180372,train
2020-04-09,220.79954905838065,train
2020-04-10,592.8478021964823,train
2020-04-11,499.2113123460984,train
2020-04-12,138.12634000276861,train
2020-04-14,125.60307812341858,train
2020-04-15,82.54296944743763,train
2020-04-16,323.0636893969417,train
2020-04-17,455.77785012668403,train
2020-04-18,424.7258333243854,train
2020-04-19,96.10814819218307,train
2020-04-21,143.67454731099923,train
2020-04-22,110.98729987273275,train
2020-04-23,137.76745752691016,train
2020-04-24,468.88284892254654,train
2020-04-25,439.69470562389967,train
2020-04-26,101.6129422976889,train
2020-04-28,157.73463656680752,train
2020-04-29,130.12383963382874,train
2020-04-30,403.3578549432342,train
2020-05-01,375.84546126976494,train
2020-05-02,577.1495880911912,train
2020-05-03,130.13252227437368,train
2020-05-05,114.59348991240691,train
2020-05-06,86.62091629005472,train
2020-05-07,243.25864593468205,train
2020-05-08,501.9347672637014,train
2020-05-09,626.8345515029781,train
2020-05-10,181.50191795188317,train
2020-05-12,241.15744692280128,train
2020-05-13,108.98160990684656,train
2020-05-14,332.4872486017403,train
2020-05-15,425.44070406258726,train
2020-05-16,501.801633442012,train
2020-05-17,129.51894900919638,train
2020-05-19,149.13882242729522,train
2020-05-20,228.19426458917317,train
2020-05-21,201.73536463515936,train
2020-05-22,242.59297682623497,train
2020-05-23,519.5171143672492,train
2020-05-24,174.73814096735788,train
2020-05-26,88.76263429114532,train
2020-05-27,75.68657763043272,train
2020-05-28,174.13035612921053,train
2020-05-29,291.4067819700107,train
2020-05-30,402.22042903184416,train
2020-05-31,190.06010731570063,train
2020-06-02,102.7764161307138,train
2020-06-03,106.3507698217231,train
2020-06-04,86.40963870346064,train
2020-06-05,175.95660485716752,train
2020-06-06,396.69248121821846,train
2020-06-07,112.98720141158897,train
2020-06-09,82.1869811850942,train
2020-06-10,97.79836888493564,train
2020-06-11,124.11545237671511,train
2020-06-12,117.536905057149,train
2020-06-13,402.0033630182201,train
2020-06-14,35.25730903957521,train
2020-06-16,98.34248102575326,train
2020-06-17,114.13620417703892,train
2020-06-18,140.22753901464938,train
2020-06-19,162.6808474639208,train
2020-06-20,251.87471956879924,train
2020-06-21,105.96005099719982,train
2020-06-23,62.04036090726763,train
2020-06-24,47.62138917560093,train
2020-06-25,63.51351558639617,train
2020-06-26,156.18044390925934,train
2020-06-27,242.66243795059466,train
2020-06-28,55.563111060726065,train
2020-06-30,75.15404234367506,train
2020-07-01,48.68645974911626,train
2020-07-02,124.98082221769631,train
2020-07-03,127.83451674347378,train
2020-07-04,228.7875783597456,train
2020-07-05,149.82185681683225,train
2020-07-07,105.6677354321861,train
2020-07-08,47.942646875764524,train
2020-07-09,73.1396697372439,train
2020-07-10,208.60622751973918,train
2020-07-11,192.81250436845355,train
2020-07-12,49.87308729026105,train
2020-07-14,140.93951553933624,train
2020-07-15,66.92868753408118,train
2020-07-16,140.38382654445869,train
2020-07-17,119.57443137170004,train
2020-07-18,99.73749193997713,train
2020-07-19,85.2143285217709,train
2020-07-21,59.18377216797517,train
2020-07-22,75.6460586412229,train
2020-07-23,60.53536987947424,train
2020-07-24,59.13457053822039,train
2020-07-25,128.67673287633508,train
2020-07-26,75.16272498422002,train
2020-07-28,48.53306643282193,train
2020-07-29,132.3176534781891,train
2020-07-30,142.50817926445936,train
2020-07-31,156.68114284735213,train
2020-08-01,182.78116032550756,train
2020-08-02,49.84993358214115,train
2020-08-04,89.99267503501491,train
2020-08-05,89.63668677267147,train
2020-08-06,82.13488534182443,train
2020-08-07,29.555708415050244,train
2020-08-27,103.56653642030533,train
2020-08-28,166.75300587950792,train
2020-08-29,317.22027231018234,train
2020-08-30,109.65017322880861,train
2020-09-01,60.25752538203546,train
2020-09-02,35.85062281014761,train
2020-09-03,140.58063306347782,train
2020-09-04,211.56990215908618,train
2020-09-05,426.3147565441134,train
2020-09-06,117.80317270052782,train
2020-09-08,25.98714315107091,train
2020-09-09,46.70971191837993,train
2020-09-10,83.84247131566691,train
2020-09-11,169.10600146719258,train
2020-09-12,484.9023207280012,train
2020-09-13,100.53918908362861,train
2020-09-15,67.62619299119311,train
2020-09-16,54.110215876202446,train
2020-09-17,97.80126309845063,train
2020-09-18,129.20637394957777,train
2020-09-19,373.9439629904183,train
2020-09-20,140.88163126903652,train
2020-09-22,61.22998112307119,train
2020-09-23,112.27811910041707,train
2020-09-24,103.43340259861591,train
2020-09-25,239.1980643731549,train
2020-09-26,448.39181723643645,train
2020-09-27,140.41855710663853,train
2020-09-29,124.9142553068516,train
2020-09-30,143.42853916222532,train
2020-10-01,135.67204694205938,train
2020-10-02,194.28276483406705,train
2020-10-03,491.9786727721451,train
2020-10-04,111.05965521060743,train
2020-10-06,223.3667164461744,train
2020-10-07,117.53401084363401,train
2020-10-08,162.18883116637295,train
2020-10-09,231.7686182801825,train
2020-10-10,493.5791728459331,train
2020-10-11,143.72374894075404,train
2020-10-13,111.5921904973651,train
2020-10-14,124.06335653344534,train
2020-10-15,168.2869390424512,train
2020-10-16,138.00478303513913,train
2020-10-17,351.1462431328634,train
2020-10-18,139.00328669780976,train
2020-10-20,133.2293307354101,train
2020-10-21,64.88826700601513,train
2020-10-22,124.68850665268259,train
2020-10-23,128.61016596549038,train
2020-10-24,300.6885247125749,train
2020-10-25,78.1061401289621,train
2020-10-27,121.3399016158423,train
2020-10-28,145.2374226090924,train
2020-10-29,374.38967187172636,train
2020-10-30,236.7813960881405,train
2020-10-31,497.07248855852276,train
2020-11-01,148.20688567546938,train
2020-11-03,193.55921145532025,train
2020-11-04,127.55088381900502,train
2020-11-05,288.1739454737699,train
2020-11-06,358.303633155427,train
2020-11-07,776.8532148388294,train
2020-11-08,122.18501196221858,train
2020-11-10,181.71319553847724,train
2020-11-11,190.08615523733548,train
2020-11-12,341.22777341700197,train
2020-11-13,415.8261267657995,train
2020-11-14,922.5450289697749,train
2020-11-15,187.2585086331929,train
2020-11-17,154.30499355154757,train
2020-11-18,139.16825686816404,train
2020-11-19,296.20249376434464,train
2020-11-20,565.0604582390893,train
2020-11-21,896.2800413212651,train
2020-11-22,232.12750075604092,train
2020-11-24,367.15413808425814,train
2020-11-25,215.3410623691146,train
2020-11-26,369.2061354663841,train
2020-11-27,505.9953488252286,train
2020-11-28,1005.2587570145968,train
2020-11-29,227.85853582143466,train
2020-12-01,200.95971541314276,train
2020-12-02,237.27341238568832,train
2020-12-03,228.011929137729,train
2020-12-04,392.5566501053016,train
2020-12-05,994.4604463901792,train
2020-12-06,597.3164678636226,train
2020-12-07,241.36872450939535,train
2020-12-08,455.02246039927235,train
2020-12-09,322.5890383804837,train
2020-12-10,424.6939969757205,train
2020-12-11,575.3320220037792,train
2020-12-12,1478.6363195259185,train
2020-12-13,488.126474583697,train
2020-12-14,238.6915770080321,train
2020-12-15,710.9982805188085,train
2020-12-16,324.4355466030457,train
2020-12-17,864.3076646212005,train
2020-12-18,864.7909982782035,train
2020-12-19,1250.8125142666638,train
2020-12-20,439.21426618041176,train
2020-12-21,393.60724961124197,train
2020-12-22,1626.5248417147393,train
2020-12-23,2377.309875424078,train
2020-12-24,1583.8525576497666,train
2020-12-26,203.17089453859305,train
2020-12-28,76.27699718749012,train
2020-12-29,453.57245942826376,train
2020-12-30,692.7965717230535,train
2020-12-31,978.2123317170405,train
2021-01-05,113.37502602259727,train
2021-01-06,112.24917696526721,train
2021-01-07,416.8680436311949,train
2021-01-08,310.83563729612035,train
2021-01-09,707.9969811037668,train
2021-01-10,185.74483496485453,train
2021-01-12,97.36423685768756,train
2021-01-13,137.29859493748222,train
2021-01-14,364.7664119343936,train
2021-01-15,376.30564121864796,train
2021-01-16,679.8478604570003,train
2021-01-17,159.39591512441024,train
2021-01-19,206.61500862142793,train
2021-01-20,116.74099634052749,train
2021-01-21,211.3557303589771,train
2021-01-22,441.81616413038535,train
2021-01-23,641.3808686293042,train
2021-01-24,307.73014619453903,train
2021-01-26,167.40130970686508,train
2021-01-27,156.5798453743276,train
2021-01-28,198.85851640126197,train
2021-01-29,365.28737036709134,train
2021-01-30,719.1889047662227,train
2021-01-31,370.0107268235506,train
2021-02-02,138.50548197323192,train
2021-02-03,168.05540196125222,train
2021-02-04,284.0323259338231,train
2021-02-05,378.0016503384305,train
2021-02-06,612.4184739848265,train
2021-02-07,258.985802175123,train
2021-02-09,182.17626970087522,train
2021-02-10,190.7170937836027,train
2021-02-11,284.7037834693001,train
2021-02-12,320.75410701198183,train
2021-02-13,763.3430261508688,train
2021-02-14,190.69394007548283,train
2021-02-16,177.43844217684102,train
2021-02-17,141.53861773693862,train
2021-02-18,166.058394635911,train
2021-02-19,292.09560478657767,train
2021-02-20,514.2091267807625,train
2021-02-21,231.66732080715795,train
2021-02-23,100.91543684057696,train
2021-02-24,160.40888985465577,train
2021-02-25,238.82181661620652,train
2021-02-26,279.10637453131466,train
2021-02-27,620.6293577268453,train
2021-02-28,243.10525261838774,train
2021-03-01,102.51014848733496,train
2021-03-02,142.07404723721126,train
2021-03-03,177.6236718418002,train
2021-03-04,163.69382219416636,train
2021-03-05,377.7238058409917,train
2021-03-06,753.8529000352255,train
2021-03-07,281.0541802269011,train
2021-03-08,130.19040654467344,train
2021-03-09,172.61668246087217,train
2021-03-10,92.1604409577404,train
2021-03-11,158.84022612953268,train
2021-03-12,426.30896811708345,train
2021-03-13,760.8771562360996,train
2021-03-14,203.5905554982662,train
2021-03-15,112.25207117878219,train
2021-03-16,189.68385955875226,train
2021-03-17,154.0705622568336,train
2021-03-18,281.4246395568195,train
2021-03-19,467.0160812053797,train
2021-03-20,822.8162196703427,train
2021-03-21,208.2849698195756,train
2021-03-22,93.20525203665082,train
2021-03-23,169.84113169999938,train
2021-03-24,87.10424994705758,train
2021-03-25,296.1764458427097,train
2021-03-26,351.1491373463784,train
2021-03-27,829.9996576145412,train
2021-03-28,174.26348995089995,train
2021-03-29,29.246027568946605,train
2021-03-30,157.61018538566307,train
2021-03-31,96.86353791959475,train
2021-04-01,249.11363987550135,train
2021-04-02,364.4104236720501,train
2021-04-03,653.1458465677276,train
2021-04-04,204.48486747439728,train
2021-04-06,131.16865071273915,train
2021-04-07,148.59181607296264,train
2021-04-08,198.626979320063,train
2021-04-09,335.9747758873,train
2021-04-10,754.182840375934,train
2021-04-11,234.71203342492458,train
2021-04-12,65.74784841996636,train
2021-04-13,122.78411415982096,train
2021-04-14,91.52371398444319,train
2021-04-15,313.4780542353037,train
2021-04-16,427.11934790127987,train
2021-04-17,617.8624896065176,train
2021-04-18,223.96581864377674,train
2021-04-19,171.0132881735692,train
2021-04-20,176.19971879242644,train
2021-04-21,83.4343872100537,train
2021-04-22,249.61144460007915,train
2021-04-23,256.90486265784716,train
2021-04-24,470.6512133802038,train
2021-04-25,175.3661853001101,train
2021-04-26,173.94512646425136,train
2021-04-27,88.71343266139053,train
2021-04-28,134.0541815871815,train
2021-04-29,251.06723399811776,train
2021-04-30,540.8445737591906,train
2021-05-01,715.1225347776655,train
2021-05-02,258.1377976152317,train
2021-05-03,125.08790811775084,train
2021-05-04,154.5654727678964,train
2021-05-05,180.4976258621826,train
2021-05-06,295.34870077742335,train
2021-05-07,389.4858895659001,train
2021-05-08,710.8911946187541,train
2021-05-09,217.70852902437423,train
2021-05-10,130.50008739077708,train
2021-05-11,122.60177870837676,train
2021-05-12,314.35210671683,train
2021-05-14,298.4628745195497,train
2021-05-15,393.43359680034274,train
2021-05-16,177.52816279580563,train
2021-05-17,130.6737402016763,train
2021-05-18,146.8958069531801,train
2021-05-19,131.02394003698979,train
2021-05-20,94.90415536994837,train
2021-05-21,247.77361901806222,train
2021-05-22,540.6246135320515,train
2021-05-23,115.8727322860313,train
2021-05-24,248.8705259402424,train
2021-05-25,99.89667368330143,train
2021-05-26,124.62772816886786,train
2021-05-27,157.36996566391912,train
2021-05-28,332.7390451775442,train
2021-05-29,515.7372715166758,train
2021-05-30,156.61747015002243,train
2021-05-31,96.74776937899524,train
2021-06-01,78.54606058324016,train
2021-06-02,84.8699171134874,train
2021-06-03,351.3806744275774,train
2021-06-04,189.64623478305742,train
2021-06-05,438.6209524098394,train
2021-06-06,117.44718443818438,train
2021-06-07,91.7060494358874,train
2021-06-08,106.35945246226807,train
2021-06-09,65.0763908844893,train
2021-06-10,83.00604360983559,train
2021-06-11,184.64792804267435,train
2021-06-12,471.62945754826944,train
2021-06-13,149.16776456244511,train
2021-06-14,112.02632252461318,train
2021-06-15,89.27491008329805,train
2021-06-16,114.9842087369302,train
2021-06-17,144.67015676015487,train
2021-06-18,148.97964068397096,train
2021-06-19,363.6058323148837,train
2021-06-20,166.75300587950792,train
2021-06-21,81.02350735206929,train
2021-06-22,159.49431838391982,train
2021-06-23,138.10897472167866,train
2021-06-24,179.82906254022052,train
2021-06-25,135.33631817432084,train
2021-06-26,244.98070297609948,train
2021-06-27,234.07241223811238,train
2021-06-28,66.15882673909455,train
2021-06-29,132.53471949181315,train
2021-06-30,95.51483442161067,train
2021-07-01,137.69799640255047,train
2021-07-02,175.43275221095482,train
2021-07-03,310.64751341764617,train
2021-07-04,131.96166521584567,train
2021-07-05,121.00996127513375,train
2021-07-06,24.28823981777337,train
2021-07-07,100.18030660777019,train
2021-07-08,67.86062428590708,train
2021-07-09,155.53503429541718,train
2021-07-10,321.22296960140983,train
2021-07-11,171.32586323318785,train
2021-07-12,68.67389828361851,train
2021-07-13,89.70904211054615,train
2021-07-14,150.4093821603747,train
2021-07-15,121.69588987818574,train
2021-07-16,145.86257272832964,train
2021-07-17,205.50652484518778,train
2021-07-18,117.61794303556864,train
2021-07-19,53.456123621815316,train
2021-07-20,72.55214439370148,train
2021-07-21,46.559212815600596,train
2021-07-22,119.69309412581453,train
2021-07-23,110.30137126968076,train
2021-07-24,209.4455494390855,train
2021-07-25,117.48480921387922,train
2021-07-26,68.4047364267247,train
2021-07-27,56.926285626285086,train
2021-07-28,112.74408747633004,train
2021-07-29,168.27825640190622,train
2021-07-30,78.0627269262373,train
2021-07-31,168.6718694399445,train
2021-08-01,64.28337638138278,train
2021-08-03,158.09930746969593,train
2021-08-04,111.02781886194256,train
2021-08-05,136.83552077508426,train
2021-08-06,120.17932199633239,train
2021-08-07,201.62827873510483,train
2021-08-08,70.80693364416415,train
2021-08-10,82.19855803915414,train
2021-08-11,90.61782515425219,train
2021-08-12,67.53357815871351,train
2021-08-13,106.91514145714562,train
2021-08-14,108.40566141736409,train
2021-08-21,263.92043621817635,train
2021-08-22,42.90960957320162,train
2021-08-23,149.2430141138348,train
2021-08-24,158.11088432375584,train
2021-08-25,61.192356347376354,train
2021-08-26,174.0637892183658,train
2021-08-27,239.22700650830475,train
2021-08-28,356.7378636438188,train
2021-08-29,107.46504202499321,train
2021-08-30,131.3828225128482,train
2021-08-31,107.61264691425757,train
2021-09-01,40.18904886911357,train
2021-09-02,217.61012576486465,train
2021-09-03,325.2083016115473,train
2021-09-04,431.7356184576846,train
2021-09-05,205.5036306316728,train
2021-09-06,78.58079114542002,train
2021-09-07,72.95444007228471,train
2021-09-08,41.581165569822446,train
2021-09-09,164.61997051896228,train
2021-09-10,187.81130341455545,train
2021-09-11,533.1893790120492,train
2021-09-12,186.21948598131243,train
2021-09-13,245.4322002844375,train
2021-09-14,97.91124321202015,train
2021-09-15,139.83971440364107,train
2021-09-16,158.54212213748897,train
2021-09-17,158.09641325618094,train
2021-09-18,440.82344889474473,train
2021-09-19,182.64513229030317,train
2021-09-20,152.6813397696397,train
2021-09-21,93.89696906673278,train
2021-09-22,151.57575020691456,train
2021-09-23,143.01756084309713,train
2021-09-24,318.2853428836977,train
2021-09-25,429.1887105644958,train
2021-09-26,124.10098130914018,train
2021-09-27,189.36839028561863,train
2021-09-28,170.85121221672995,train
2021-09-29,120.76105891284483,train
2021-09-30,166.77037116059785,train
2021-10-01,205.68017765608704,train
2021-10-02,479.44383403873513,train
2021-10-03,202.80043520867466,train
2021-10-04,101.73160505180338,train
2021-10-05,117.93920073573223,train
2021-10-06,189.42916876943337,train
2021-10-07,216.9849756456274,train
2021-10-08,436.96256806575167,train
2021-10-09,477.1574053618952,train
2021-10-10,174.7989194511726,train
2021-10-11,80.03079211642866,train
2021-10-12,139.2203527114338,train
2021-10-13,256.6849024307081,train
2021-10-14,308.7865341275094,train
2021-10-15,342.0931432579832,train
2021-10-16,596.0024949278185,train
2021-10-17,328.47876288348294,train
2021-10-18,97.0545560115839,train
2021-10-19,98.54797018531735,train
2021-10-20,128.73751136014982,train
2021-10-21,168.2579969073013,train
2021-10-22,262.5370021580124,train
2021-10-23,438.08262869605176,train
2021-10-24,142.30269010489528,train
2021-10-25,147.75538836713133,train
2021-10-26,101.70845134368348,train
2021-10-27,117.9218354546423,train
2021-10-28,238.71762492966698,train
2021-10-29,223.11781408388546,train
2021-10-30,345.58645897057283,train
2021-10-31,341.7082128604899,train
2021-11-01,205.43995793434308,train
2021-11-02,124.81295783382704,train
2021-11-03,117.2388010651053,train
2021-11-04,225.01641814971714,train
2021-11-05,252.50855232858143,train
2021-11-06,667.3332812181953,train
2021-11-07,176.6483218872495,train
2021-11-08,139.19141057628391,train
2021-11-09,120.70606885606009,train
2021-11-10,130.56665430162178,train
2021-11-11,220.78507799080572,train
2021-11-12,494.1261792002657,train
2021-11-13,445.4976037214492,train
2021-11-14,211.69145912671564,train
2021-11-15,138.12923421628358,train
2021-11-16,224.7993521360931,train
2021-11-17,236.48908052312677,train
2021-11-18,194.6850605126503,train
2021-11-19,370.5143199751584,train
2021-11-20,558.2185374896593,train
2021-11-21,291.7772412999291,train
2021-11-22,115.76564638597677,train
2021-11-23,267.1243305792673,train
2021-11-24,171.55740031438683,train
2021-11-25,501.0780800632652,train
2021-11-26,299.91287549055835,train
2021-11-27,690.417528213734,train
2021-11-28,271.2572674786691,train
2021-11-29,112.66883792494036,train
2021-11-30,195.46649816169688,train
2021-12-01,161.64761323907032,train
2021-12-02,417.3224351530479,train
2021-12-03,431.86006963882903,train
2021-12-04,748.7938148110277,train
2021-12-05,462.63713615720394,train
2021-12-06,171.745524192861,train
2021-12-07,228.32160998383262,train
2021-12-08,235.80315192007478,train
2021-12-09,593.0069839398066,train
2021-12-10,605.8688688004102,train
2021-12-11,1351.1606852583031,train
2021-12-12,608.9222640587217,train
2021-12-13,257.1335055255311,train
2021-12-14,426.3610639603532,train
2021-12-15,316.0104910609176,train
2021-12-16,732.299691989115,train
2021-12-17,1345.6790448609172,train
2021-12-18,1825.0244756401428,train
2021-12-19,631.9891457731704,train
2021-12-20,1260.8149161744598,train
2021-12-21,1148.2184335873942,train
2021-12-22,1997.201237646737,train
2021-12-23,3019.6284692322383,train
2021-12-24,2525.5167610995477,train
2021-12-27,165.26538013280447,train
2021-12-28,236.02600636072881,train
2021-12-29,364.29754934496566,train
2021-12-30,1334.547899682276,train
2021-12-31,1278.96163491343,train
2022-01-03,116.85676488112698,train
2022-01-04,126.88810892407294,train
2022-01-06,247.86623385054182,train
2022-01-07,441.74959721954065,train
2022-01-08,665.7588290660422,train
2022-01-09,279.61286189643744,train
2022-01-10,188.00810993357462,train
2022-01-11,111.80925651098914,train
2022-01-12,165.67057002490264,train
2022-01-13,315.10460223072664,train
2022-01-14,256.99747749032673,train
2022-01-15,685.9778046817435,train
2022-01-16,264.2735302670048,train
2022-01-17,149.37035950849423,train
2022-01-18,103.90805361507383,train
2022-01-19,172.90320959885594,train
2022-01-20,171.4300549197274,train
2022-01-21,321.3358439284943,train
2022-01-22,643.5862593277244,train
2022-01-23,265.21414965937566,train
2022-01-24,125.41784845845939,train
2022-01-25,144.32863956538637,train
2022-01-26,146.0738503149237,train
2022-01-27,261.00017478155416,train
2022-01-28,353.976783950521,train
2022-01-29,622.0041091464643,train
2022-01-30,203.68606454426077,train
2022-01-31,93.35575113943015,train
2022-02-01,116.37053701060911,train
2022-02-02,76.4448615713594,train
2022-02-03,199.31001370959999,train
2022-02-04,284.50408273676595,train
2022-02-05,503.15612536702605,train
2022-02-06,228.64286768399623,train
2022-02-07,108.84558187164215,train
2022-02-08,195.60252619690127,train
2022-02-09,159.3814440568353,train
2022-02-10,180.0895417565694,train
2022-02-11,418.4106594346831,train
2022-02-12,603.6663723155048,train
2022-02-13,301.15449308848787,train
2022-02-14,168.73554213727422,train
2022-02-15,124.67982401213763,train
2022-02-16,114.04069513104434,train
2022-02-17,160.4725625519855,train
2022-02-18,216.11381737761621,train
2022-02-19,540.1499625155936,train
2022-02-20,213.32668976268346,train
2022-02-21,135.97015093410306,train
2022-02-22,106.67202752188669,train
2022-02-23,121.80297577824027,train
2022-02-24,137.02364465355845,train
2022-02-25,172.16807936604914,train
2022-02-26,339.8790699190178,train
2022-02-27,133.7300296735029,train
2022-02-28,93.5959708611741,train
2022-03-01,95.04307761866774,train
2022-03-02,135.97593936113304,train
2022-03-03,187.12537481150346,train
2022-03-04,171.75131261989097,train
2022-03-05,609.2030027696754,train
2022-03-06,243.84906549173945,train
2022-03-07,123.58870551698742,train
2022-03-08,120.34718638020165,train
2022-03-09,114.10147361485907,train
2022-03-10,240.55255629816892,train
2022-03-11,240.28050022776011,train
2022-03-12,482.8734770539951,train
2022-03-13,273.3613607040649,train
2022-03-14,51.0683974719508,train
2022-03-15,75.87759572242189,train
2022-03-16,155.06038327895925,train
2022-03-17,212.05323581608906,train
2022-03-18,529.2358833505766,train
2022-03-19,402.5793115077026,train
2022-03-20,228.72679987593085,train
2022-03-21,138.06266730543888,train
2022-03-22,123.0677470842897,train
2022-03-23,76.5779953930488,train
2022-03-24,183.76808713411825,train
2022-03-25,170.16817782719292,train
2022-03-26,434.66456253485177,train
2022-03-27,167.34342543656535,train
2022-03-28,78.25953344525642,train
2022-03-29,135.69809486369425,train
2022-03-30,146.28802211503276,train
2022-03-31,279.934119596601,train
2022-04-01,291.6585785458146,train
2022-04-02,587.7742459047096,train
2022-04-03,317.95829675650407,train
2022-04-04,92.95345546084691,train
2022-04-05,140.70219003110728,train
2022-04-06,175.33145473793024,train
2022-04-07,167.66178892321392,train
2022-04-08,263.5933900909828,train
2022-04-09,590.7494973981165,train
2022-04-10,280.11356083453023,train
2022-04-11,70.52330071969538,train
2022-04-12,49.73705925505664,train
2022-04-13,101.88789258161269,train
2022-04-14,130.55507744756184,train
2022-04-15,309.60849076576574,train
2022-04-16,338.26988720468495,train
2022-04-17,82.11173163370451,train
2022-04-18,102.3191303953458,train
2022-04-19,67.73906731827762,train
2022-04-20,119.80018002586905,train
2022-04-21,185.44383675929586,train
2022-04-22,214.3194049983241,train
2022-04-23,376.1464594753237,train
2022-04-24,187.1456343061084,train
2022-04-25,83.44306985059868,train
2022-04-26,105.44488099153207,train
2022-04-27,76.30593932263999,train
2022-04-28,135.03242575524717,train
2022-04-29,211.87090036464485,train
2022-04-30,285.8238440996002,train
2022-05-02,71.58837129321071,train
2022-05-03,86.60644522247978,train
2022-05-04,132.25976920788935,train
2022-05-05,224.4520465142946,train
2022-05-06,157.07186167187544,train
2022-05-07,255.99029118711115,train
2022-05-08,220.1541394445385,train
2022-05-09,50.70951499609237,train
2022-05-10,132.57523848102298,train
2022-05-11,63.80872536492487,train
2022-05-12,149.04331338130066,train
2022-05-13,169.70510366479496,train
2022-05-14,510.72449370871783,train
2022-05-15,121.34858425638726,train
2022-05-16,82.21881753375905,train
2022-05-17,68.91990643239242,train
2022-05-18,125.54229963960385,train
2022-05-19,120.97233649943891,train
2022-05-20,179.48465113193703,train
2022-05-21,144.3633701275662,train
2022-05-22,17.816778398261782,train
2022-05-23,32.33125917592306,train
2022-05-24,46.48106905069594,train
2022-05-25,147.75828258064632,train
2022-05-26,137.41725769159672,train
2022-05-27,171.8670811604905,train
2022-05-28,479.5046125225499,train
2022-05-29,115.4617539669031,train
2022-05-30,87.50365141212583,train
2022-05-31,113.07402781703858,train
2022-06-01,57.600637375277124,train
2022-06-02,81.71522438215125,train
2022-06-03,294.2488996417282,train
2022-06-04,302.15299675115847,train
2022-06-05,213.42509302219304,train
2022-06-06,123.59738815753238,train
2022-06-07,125.6435971126284,train
2022-06-08,80.30284818683745,train
2022-06-09,144.4588791735608,train
2022-06-10,333.20790776697214,train
2022-06-11,389.88239681745335,train
2022-06-12,217.19335901870647,train
2022-06-13,93.41074119621491,train
2022-06-14,67.86930692645204,train
2022-06-15,66.72319837451707,train
2022-06-16,106.69518123000658,train
2022-06-17,144.63542619797502,train
2022-06-18,273.33531278243004,train
2022-06-19,209.72628815003927,train
2022-06-20,214.0676084225202,train
2022-06-21,74.46521952710809,train
2022-06-22,78.77180923740917,train
2022-06-23,78.32320614258614,train
2022-06-24,155.2542955844634,train
2022-06-25,368.8385703499808,train
2022-06-26,214.55962472006806,train
2022-06-27,92.7971679310376,train
2022-06-28,62.09535096405239,train
2022-06-29,91.92311544951144,train
2022-06-30,404.95546080350715,train
2022-07-01,181.16908339765965,train
2022-07-02,521.9714074279584,train
2022-07-03,89.52670665910196,train
2022-07-04,106.77332499491125,train
2022-07-05,71.91541742040428,train
2022-07-06,59.724990095277796,train
2022-07-07,126.23980509671578,train
2022-07-08,189.9443387751011,train
2022-07-09,245.8634380981706,train
2022-07-10,152.36297628299113,train
2022-07-11,64.50333660852182,train
2022-07-12,59.209820089610055,train
2022-07-13,41.60431927794235,train
2022-07-14,73.0036417020395,train
2022-07-15,85.72660431392364,train
2022-07-16,129.09639383600825,train
2022-07-17,58.691755870427336,train
2022-07-18,36.675473661918986,train
2022-07-19,48.04105013527409,train
2022-07-20,150.09391288724106,train
2022-07-21,78.6039448535399,train
2022-07-22,86.47620561430537,train
2022-07-23,231.3344862529344,train
2022-07-24,70.73168409277447,train
2022-07-25,65.01561240067457,train
2022-07-26,41.09493769930459,train
2022-07-27,59.450039811354,train
2022-07-28,173.2071020179296,train
2022-07-29,117.09119617584095,train
2022-07-30,296.57584730777796,train
2022-07-31,117.43560758412444,train
2022-08-02,43.08615659761585,train
2022-08-03,54.949537795548764,train
2022-08-04,92.7740142229177,train
2022-08-05,102.35964938455562,train
2022-08-06,212.20952334589836,train
2022-08-07,87.30973910662169,train
2022-08-09,60.315409652335205,train
2022-08-10,59.58896206007339,train
2022-08-11,83.55594417768317,train
2022-08-12,40.333759544862936,train
2022-08-13,197.86580116562132,train
2022-08-14,49.297138800778576,train
2022-08-16,118.91165647676796,train
2022-08-17,93.0055513041167,train
2022-08-18,70.02549599511758,train
2022-08-19,182.05471273324574,train
2022-08-20,241.04167838220178,train
2022-08-21,79.83109138389453,train
2022-08-22,98.87501631251092,train
2022-08-23,27.06957900567616,train
2022-08-24,69.45823014618007,train
2022-08-25,93.15315619338104,train
2022-08-26,86.11732313844693,train
2022-08-27,310.45360111214205,train
2022-08-28,225.9367780474831,train
2022-08-29,67.77379788045747,train
2022-08-30,66.32090269593384,train
2022-08-31,75.4174157735389,train
2022-09-01,143.55877877039975,train
2022-09-02,292.1071816406376,train
2022-09-03,411.00147283631566,train
2022-09-04,218.65783105729005,train
2022-09-05,83.19995591533974,train
2022-09-06,88.20115686923778,train
2022-09-07,82.45324882847302,train
2022-09-08,113.87572496069006,train
2022-09-09,224.74146786579334,train
2022-09-10,518.1626224422351,train
2022-09-11,301.84621011856984,train
2022-09-12,113.89598445529498,train
2022-09-13,87.28658539850178,train
2022-09-14,97.85046472820542,train
2022-09-15,192.4159971169003,train
2022-09-16,292.8828308626542,train
2022-09-17,396.59986638573884,train
2022-09-18,264.9363051619369,train
2022-09-19,137.2407106671825,train
2022-09-20,115.62672413725738,train
2022-09-21,131.42044728854304,train
2022-09-22,212.9967494219749,train
2022-09-23,225.03957185783705,train
2022-09-24,635.3088086748609,train
2022-09-25,279.18162408270433,train
2022-09-26,113.17821950357813,train
2022-09-27,143.95528602195301,train
2022-09-28,59.75682644394266,train
2022-09-29,216.08776945598134,train
2022-09-30,188.63036583929687,train
2022-10-01,557.0897942188143,train
2022-10-02,141.55019459099856,train
2022-10-03,160.4465146303506,train
2022-10-04,69.60583503544441,train
2022-10-05,124.47433485257353,train
2022-10-06,185.21808810512687,train
2022-10-07,276.1658536000876,train
2022-10-08,674.8437652895873,train
2022-10-09,285.0279353829787,train
2022-10-10,140.62115205268765,train
2022-10-11,196.0713887863292,train
2022-10-12,116.71205420537761,train
2022-10-13,189.30182337477396,train
2022-10-14,371.99615729483185,train
2022-10-15,577.3174524750605,train
2022-10-16,276.6144566949106,train
2022-10-17,102.22651556286621,train
2022-10-18,139.77314749279637,train
2022-10-19,157.40469622609896,train
2022-10-20,195.75302529968062,train
2022-10-21,199.72967466927315,train
2022-10-22,564.215347892713,train
2022-10-23,217.3293870539109,train
2022-10-24,141.42284919633911,train
2022-10-25,69.39455744885035,train
2022-10-26,41.36988798322838,train
2022-10-27,191.2409464298154,train
2022-10-28,272.15736788183017,train
2022-10-29,294.3820334634176,train
2022-10-30,125.54808806663382,train
2022-10-31,242.80136019931405,train
2022-11-01,141.81356802086242,train
2022-11-02,116.70047735131766,train
2022-11-03,166.0786541305159,train
2022-11-04,162.53034836114148,train
2022-11-05,484.6968315684371,train
2022-11-06,304.778048409252,train
2022-11-07,171.14063356822868,train
2022-11-08,185.69273912158476,train
2022-11-09,162.10200476092334,train
2022-11-10,356.62209510321935,train
2022-11-11,274.9734376319128,train
2022-11-12,412.89139426160233,train
2022-11-13,247.08769041501023,train
2022-11-14,126.40766948058504,train
2022-11-15,125.94459531818708,train
2022-11-16,214.53936522546314,train
2022-11-17,284.61985127736546,train
2022-11-18,330.1689835762355,train
2022-11-19,653.1458465677276,train
2022-11-20,393.60435539772703,train
2022-11-21,151.4310395311652,train
2022-11-22,131.31046717497352,train
2022-11-23,205.22289192071904,train
2022-11-24,623.662493490552,train
2022-11-25,374.17839428513224,train
2022-11-26,767.7740670423143,train
2022-11-27,276.530524502976,train
2022-11-28,163.0484125803242,train
2022-11-29,288.4141651955138,train
2022-11-30,193.62577836616495,train
2022-12-01,278.8950969447206,train
2022-12-02,400.73280328514073,train
2022-12-03,1028.8205492401082,train
2022-12-04,527.4472593983144,train
2022-12-05,281.7835220326779,train
2022-12-06,213.60453426012225,train
2022-12-07,197.7355615574469,train
2022-12-08,540.2136352129234,train
2022-12-09,536.41642708126,train
2022-12-10,902.5633788623026,train
2022-12-11,395.9486683448667,train
2022-12-12,347.84683972577784,train
2022-12-13,391.7665298157101,train
2022-12-14,399.9021640063394,train
2022-12-15,1053.493719455375,train
2022-12-16,1050.0061921698152,train
2022-12-17,1799.4540992352302,train
2022-12-18,535.5279035321589,train
2022-12-19,774.0516161563218,train
2022-12-20,1382.881265382564,train
2022-12-21,1543.003628099236,train
2022-12-22,2396.20619546343,train
2022-12-23,3560.5656578239086,train
2022-12-24,2161.120808495072,train
2022-12-27,359.08217659095857,train
2022-12-28,264.54848055092856,train
2022-12-29,866.9211394252341,train
2022-12-30,1002.905761426912,train
2022-12-31,1201.5414233875201,train
2023-01-03,266.40077720052045,train
2023-01-04,128.57254118979554,train
2023-01-05,244.3150338676524,train
2023-01-06,314.03663744369635,train
2023-01-07,744.5508977980563,train
2023-01-08,386.60325290497275,train
2023-01-10,210.8521372073693,train
2023-01-11,197.86290695210636,train
2023-01-12,297.7219558597129,train
2023-01-13,405.12911361440644,train
2023-01-14,737.8276398027409,train
2023-01-15,365.41760997526575,train
2023-01-16,47.514303275546396,train
2023-01-17,170.10161091634822,train
2023-01-18,109.08001316635612,train
2023-01-19,321.01169201481576,train
2023-01-20,433.20009049626816,train
2023-01-21,743.925747678819,train
2023-01-22,284.61695706385046,train
2023-01-23,212.4034356514025,train
2023-01-24,104.09038906651803,train
2023-01-25,101.57242330847907,train
2023-01-26,307.79381889186874,train
2023-01-27,342.85721562593983,train
2023-01-28,716.5059688378294,train
2023-01-29,329.56409295160313,train
2023-01-30,151.32395363111067,train
2023-01-31,167.875960723323,train
2023-02-01,161.92256352299412,train
2023-02-02,238.93758515680602,train
2023-02-03,285.635720221126,train
2023-02-04,769.7479206595357,train
2023-02-05,320.40969560369837,train
2023-02-06,183.78255820169315,train
2023-02-07,197.2811700355939,train
2023-02-08,142.35478594816504,train
2023-02-09,215.62758950709835,train
2023-02-10,353.50502714757806,train
2023-02-11,623.2515151714238,train
2023-02-12,278.350984803903,train
2023-02-13,285.87593994286993,train
2023-02-14,271.5756309653177,train
2023-02-15,120.92024065616914,train
2023-02-16,194.2046210691624,train
2023-02-17,224.10763510601112,train
2023-02-18,552.1117469730361,train
2023-02-19,241.5597426013845,train
2023-02-20,143.09859882151676,train
2023-02-21,146.66137565846614,train
2023-02-22,195.2957395643126,train
2023-02-23,228.79047257326056,train
2023-02-24,271.5727367518027,train
2023-02-25,456.1569920971474,train
2023-02-26,233.47909846753998,train
2023-03-01,115.50516716962791,train
2023-03-02,347.1638053362409,train
2023-03-03,303.6550935654369,train
2023-03-04,558.4587572114033,train
2023-03-05,232.94656318078233,train
2023-03-06,85.10434840820137,train
2023-03-07,279.259767847609,train
2023-03-08,124.61036288777794,train
2023-03-09,287.6703523221621,train
2023-03-10,223.5664171787085,train
2023-03-11,776.9892428740338,train
2023-03-12,381.72360891870414,train
2023-03-13,150.10259552778604,train
2023-03-14,160.14551642479196,train
2023-03-15,239.70455173827764,train
2023-03-16,183.55391533400916,train
2023-03-17,398.3016639325514,train
2023-03-18,590.3037885168085,train
2023-03-19,407.8670395995844,train
2023-03-20,174.30690315362477,train
2023-03-21,171.73973576583103,train
2023-03-22,149.79580889519738,train
2023-03-23,157.19920706653485,train
2023-03-24,468.4371400412385,train
2023-03-25,717.6549716032794,train
2023-03-26,314.349212503315,train
2023-03-27,116.1476825699551,train
2023-03-28,154.19501343797805,train
2023-03-29,157.81278033171216,train
2023-03-30,202.1116123921077,train
2023-03-31,382.01013605668794,train
2023-04-01,696.5793087871419,train
2023-04-02,305.1166713905055,train
2023-04-03,73.62879182127676,train
2023-04-04,123.0243338815649,train
2023-04-05,257.6920887339237,train
2023-04-06,335.6969313898613,train
2023-04-07,314.3463182897999,train
2023-04-08,500.0766821870796,train
2023-04-10,241.4960699040548,train
2023-04-11,110.74129172395882,train
2023-04-12,139.4692550737227,train
2023-04-13,376.4214097592474,train
2023-04-14,373.17120798191667,train
2023-04-15,669.194260508332,train
2023-04-16,259.3794152131613,train
2023-04-17,150.4267474414646,train
2023-04-18,99.58988705071279,train
2023-04-19,81.90045404711044,train
2023-04-20,180.2950309161335,train
2023-04-21,169.93374653247895,train
2023-04-22,604.1120811968128,train
2023-04-23,186.61309901935073,train
2023-04-24,138.71386534631102,train
2023-04-25,122.91435376799538,train
2023-04-26,127.65507550554457,train
2023-04-27,157.74331920735247,train
2023-04-28,264.30536661566964,train
2023-04-29,387.63648712982314,train
2023-04-30,219.81262224977,train
2023-05-02,121.3167479077224,train
2023-05-03,67.58567400198329,train
2023-05-04,296.28063752924925,train
2023-05-05,167.79492274490335,train
2023-05-06,409.1636472542987,train
2023-05-07,218.02110408399284,train
2023-05-08,147.1881225181938,train
2023-05-09,124.81585204734203,train
2023-05-10,159.25699287569083,train
2023-05-11,269.63071948324625,train
2023-05-12,224.93538017129748,train
2023-05-13,515.0368718460489,train
2023-05-14,403.71384320557763,train
2023-05-15,157.30918718010437,train
2023-05-16,114.31853962848312,train
2023-05-17,220.82270276650056,train
2023-05-19,281.4159569162745,train
2023-05-20,395.3611430013243,train
2023-05-21,215.5320804611038,train
2023-05-22,64.81012324111047,train
2023-05-23,168.29851589651113,train
2023-05-24,64.02579137854892,train
2023-05-25,185.5972300755902,train
2023-05-26,332.333855285446,train
2023-05-27,557.8972797894958,train
2023-05-28,143.1564830918165,train
2023-05-30,150.09970131427104,train
2023-05-31,29.298123412216377,train
2023-06-01,246.3901849578983,train
2023-06-02,342.4201893851767,train
2023-06-03,341.5953385334053,train
2023-06-04,183.5278674123743,train
2023-06-05,67.2181088855799,train
2023-06-06,29.39073824469597,train
2023-06-07,87.37630601746639,train
2023-06-08,137.7645633133952,train
2023-06-09,353.08826040141986,train
2023-06-10,386.5019554319482,train
2023-06-11,196.33765642970803,train
2023-06-12,143.71506630020906,train
2023-06-13,97.9893869769248,train
2023-06-14,75.3479546491792,train
2023-06-15,151.87095998544325,train
2023-06-16,282.09030866526655,train
2023-06-17,345.1349616622348,train
2023-06-18,297.4383229352442,train
2023-06-19,134.82983080919809,train
2023-06-20,73.87479997005067,train
2023-06-21,112.41414713562148,train
2023-06-22,135.6199510987896,train
2023-06-23,133.20328281377522,train
2023-06-24,427.2727412175742,train
2023-06-25,161.92545773650912,train
2023-06-26,79.2435660403521,train
2023-06-27,48.90641997625529,train
2023-06-28,144.62963777094504,train
2023-06-29,234.50365005184548,train
2023-06-30,218.66361948432004,train
2023-07-01,471.282151926471,train
2023-07-02,351.3777802140624,train
2023-07-03,61.426787642090325,train
2023-07-04,91.65105937910263,train
2023-07-05,48.00342535957926,train
2023-07-06,194.65032995047045,train
2023-07-07,83.99586463196125,train
2023-07-08,297.07944045938575,train
2023-07-09,184.57846691831466,train
2023-07-10,64.6422588572412,train
2023-07-11,92.73638944722288,train
2023-07-13,214.08497370361013,train
2023-07-14,135.19739592560146,train
2023-07-15,148.8088820865867,train
2023-07-16,86.47041718727537,train
2023-07-17,91.17061993561474,train
2023-07-18,94.67261828874938,train
2023-07-19,117.63241410314357,train
2023-07-20,174.0666834318808,train
2023-07-21,125.59150126935863,train
2023-07-22,230.79616253914676,train
2023-07-23,227.2391741292274,train
2023-07-24,89.0867862048239,train
2023-07-25,120.67423250739522,train
2023-07-26,61.70173792601412,train
2023-07-27,229.0075385868846,train
2023-07-28,102.49567741976003,train
2023-07-29,285.71675819954567,train
2023-07-30,149.09540922457043,train
2023-07-31,102.49567741976003,train
2023-08-03,205.00293169358,train
2023-08-04,104.13090805572784,train
2023-08-05,183.66678966109367,train
2023-08-06,111.07991470521235,train
2023-08-07,107.53739736286789,train
2023-08-10,188.60721213117696,train
2023-08-11,102.61723438738949,train
2023-08-12,208.47309369804978,train
2023-08-13,43.728671997943025,train
2023-08-17,280.5824234239582,train
2023-08-18,161.497114136291,train
2023-08-19,259.58490437272536,train
2023-08-20,53.32588401364089,train
2023-08-21,137.38542134293186,train
2023-08-22,36.675473661918986,train
2023-08-23,38.93006599009409,train
2023-08-24,56.84814186138043,train
2023-08-25,94.58289766978477,train
2023-08-26,320.29971549012885,train
2023-08-27,123.20377511949411,train
2023-08-28,218.31341964900656,train
2023-08-29,109.16973378532073,train
2023-08-31,182.4309604901941,train
2023-09-01,176.7380425062141,train
2023-09-02,434.01047028046463,train
2023-09-03,269.474431953437,train
2023-09-04,90.93618864090078,train
2023-09-05,135.12793480124176,train
2023-09-07,71.73018775544509,train
2023-09-08,119.75676682314425,train
2023-09-09,445.9462068162722,train
2023-09-10,167.32027172844545,train
2023-09-11,114.0262240634694,train
2023-09-12,138.6733463571012,train
2023-09-14,215.4597251232291,train
2023-09-15,178.39642685030182,train
2023-09-16,590.5932098683072,train
2023-09-17,167.24212796354078,train
2023-09-18,150.40359373334468,train
2023-09-19,154.51337692462667,train
2023-09-21,260.9220310166495,train
2023-09-22,407.71943471032006,train
2023-09-23,551.8628446107472,train
2023-09-24,146.7539904909457,train
2023-09-25,77.81961299097836,train
2023-09-26,118.48331287654983,train
2023-09-28,159.18174332430115,train
2023-09-29,299.0098808738823,train
2023-09-30,585.3083759899404,train
2023-10-01,202.60362868965552,train
2023-10-02,137.119153699553,train
2023-10-03,86.88139550640358,train
2023-10-05,179.86379310240036,train
2023-10-06,281.2509867459203,train
2023-10-07,470.4109936584598,train
2023-10-08,246.58120304988748,train
2023-10-09,129.35976726587208,train
2023-10-10,151.9519979638629,train
2023-10-12,320.8554044850063,train
2023-10-13,212.30213817837796,train
2023-10-14,674.907437986917,train
2023-10-15,432.9830244826441,train
2023-10-16,130.12962806085872,train
2023-10-17,84.40105452405946,train
2023-10-19,331.86788690953307,train
2023-10-20,199.1016303365209,train
2023-10-21,450.22385439142346,train
2023-10-22,290.19121229371603,train
2023-10-23,110.80496442128855,train
2023-10-24,71.38288213364662,train
2023-10-26,284.6603702665753,train
2023-10-27,241.9244135042729,train
2023-10-28,449.73762652090556,train
2023-10-29,201.66300929728467,train
2023-10-30,112.5472809573109,train
2023-10-31,295.03612571780474,train
2023-11-02,166.59671834969862,train
2023-11-03,218.08477678132257,train
2023-11-04,625.1124944615607,train
2023-11-05,221.89356176704584,train
2023-11-06,162.17436009879802,train
2023-11-07,228.74127094350578,train
2023-11-09,215.2281880420301,train
2023-11-10,425.44359827610225,train
2023-11-11,789.6369559345284,train
2023-11-12,296.109878931865,train
2023-11-13,173.560196066758,train
2023-11-14,118.81325321725839,train
2023-11-16,284.1075754852127,train
2023-11-17,375.85993233733996,train
2023-11-18,830.6942688581381,train
2023-11-19,313.7935235084374,train
2023-11-20,195.3652006886723,train
2023-11-21,153.11836601040275,train
2023-11-23,565.6653488637216,train
2023-11-24,591.09969723343,train
2023-11-25,932.4142970558815,train
2023-11-26,335.5782686357467,train
2023-11-27,66.8765916908114,train
2023-11-28,255.8426862978468,train
2023-11-29,81.53578314422205,train
2023-11-30,420.2774271518499,train
2023-12-01,359.1921567045281,train
2023-12-02,776.9226759631891,train
2023-12-03,316.61538168555,train
2023-12-04,223.14965043255035,train
2023-12-05,276.2324205109323,train
2023-12-06,147.59910083732203,train
2023-12-07,454.81986545322326,train
2023-12-08,413.17792139958607,train
2023-12-09,1133.9383841044469,train
2023-12-10,391.103754920778,train
2023-12-12,341.8789714578741,train
2023-12-13,242.90265767233862,train
2023-12-14,665.6835795146526,train
2023-12-15,903.4200660627388,train
2023-12-16,1812.3651857255884,train
2023-12-17,748.5304413811639,train
2023-12-18,896.2453107590853,train
2023-12-19,1223.7400410474725,train
2023-12-20,1381.6685899197842,train
2023-12-21,2454.730086949988,train
2023-12-22,3707.4672532041186,train
2023-12-23,3086.9999714341125,train
2023-12-24,1270.4989545956073,train
2023-12-27,342.29573820403226,train
2023-12-28,594.6393203622595,train
2023-12-29,826.3240064505073,train
2023-12-30,1044.4637732886147,train
2023-12-31,740.3948071905345,train
2024-01-04,410.77282996863164,train
2024-01-05,241.65814586089408,train
2024-01-06,845.1682306465896,train
2024-01-07,207.37039834883961,train
2024-01-09,138.34630022990763,train
2024-01-10,109.10606108799101,train
2024-01-11,296.8565860187318,train
2024-01-12,367.1078306680183,train
2024-01-13,767.6930290638948,train
2024-01-14,304.4423196415135,train
2024-01-16,233.69905869467902,train
2024-01-17,169.37226911057144,train
2024-01-18,378.4328881521636,train
2024-01-19,226.5069381099356,train
2024-01-20,730.7947009613217,train
2024-01-21,400.83699497168027,train
2024-01-23,152.57425386958516,train
2024-01-24,150.47884328473435,train
2024-01-25,213.0430568382147,train
2024-01-26,338.9124026050121,train
2024-01-27,807.3871674219454,train
2024-01-28,378.337379106169,train
2024-01-30,128.59569489791545,train
2024-01-31,116.59339145126313,train
2024-02-01,305.39451588794424,train
2024-02-02,363.6955529338484,train
2024-02-03,605.3797467163773,train
2024-02-04,370.51721418867334,train
2024-02-06,187.82288026861542,train
2024-02-07,204.14913870665876,train
2024-02-08,190.72867063766267,train
2024-02-09,303.03283765971463,train
2024-02-10,598.8561894535959,train
2024-02-11,215.60154158546348,train
2024-02-13,180.24872349989369,train
2024-02-14,212.39185879734256,train
2024-02-15,174.37057585095448,train
2024-02-16,279.0658555421048,train
2024-02-17,433.58791510727644,train
2024-02-18,147.0347292018995,train
2024-02-20,87.62231416624033,train
2024-02-21,69.0385691865069,train
2024-02-22,154.19501343797805,train
2024-02-23,246.46543450928797,train
2024-02-24,522.1248007442528,train
2024-02-25,359.51630861820666,train
2024-02-27,145.1882209793376,train
2024-02-28,155.53503429541718,train
2024-02-29,321.31847864740433,train
2024-03-01,200.3143057993006,train
2024-03-02,745.4191618525525,train
2024-03-03,213.56112105739743,train
2024-03-05,154.16896551634315,train
2024-03-06,136.899193472414,train
2024-03-07,350.34454598921195,train
2024-03-08,274.64639150471925,train
2024-03-09,742.2007964238866,train
2024-03-10,282.63442080608417,train
2024-03-12,192.1555179005514,train
2024-03-13,125.41495424494441,train
2024-03-14,278.0673518794342,train
2024-03-15,211.02289580475357,train
2024-03-16,615.9899334623207,train
2024-03-17,354.19384996414504,train
2024-03-19,97.02561387643404,train
2024-03-20,86.95375084427826,train
2024-03-21,290.8916119643429,train
2024-03-22,315.52715740391477,train
2024-03-23,462.32456109758533,train
2024-03-24,248.2366931804602,train
2024-03-27,209.80443191494393,train
2024-03-28,362.62469393330304,train
2024-03-29,348.8887565911733,train
2024-03-30,804.7071257070672,train
2024-03-31,112.9553650629241,train
2024-04-02,53.80921767064377,train
2024-04-03,107.90206826575628,train
2024-04-04,149.54980074642344,train
2024-04-05,301.4236549453817,train
2024-04-06,420.5263295141388,train
2024-04-07,265.3154471324002,train
2024-04-09,70.23387936819667,train
2024-04-10,93.49756760166453,train
2024-04-11,224.96721651996236,train
2024-04-12,192.73436060354885,train
2024-04-13,346.8164997144424,train
2024-04-14,164.53024989999767,train
2024-04-16,63.26750743762224,train
2024-04-17,193.86889230142387,train
2024-04-18,113.07402781703858,train
2024-04-19,267.7263269903846,train
2024-04-20,493.0900507619003,train
2024-04-21,273.2050731742556,train
2024-04-23,87.29816225256175,train
2024-04-24,148.85229528931148,train
2024-04-25,274.4351139181252,train
2024-04-26,223.13228515146042,train
2024-04-27,518.0902671043605,train
2024-04-28,270.05038044291945,train
2024-04-30,122.0460897134992,train
2024-05-01,275.4220407267359,train
2024-05-02,340.0585111569471,train
2024-05-03,285.42733684804693,train
2024-05-04,324.3950276138358,train
2024-05-05,165.19591900844475,train
2024-05-07,135.02953154173218,train
2024-05-08,114.45167345017254,train
2024-05-09,155.11537333574404,train
2024-05-10,145.6889199174304,train
2024-05-11,353.1056256825098,train
2024-05-12,219.07459780344823,train
2024-05-14,176.86249368735855,train
2024-05-15,128.2165529274521,train
2024-05-16,153.05758752658804,train
2024-05-17,236.51512844476164,train
2024-05-18,552.7745218679682,train
2024-05-19,262.5196368769225,train
2024-05-21,120.97233649943891,train
2024-05-22,133.2785323651649,train
2024-05-23,216.99365828617235,train
2024-05-24,201.37648215930093,train
2024-05-25,609.2087911967054,train
2024-05-26,264.4963847076588,train
2024-05-28,132.8415061244018,train
2024-05-29,154.60599175710627,train
2024-05-30,214.12838690633492,train
2024-05-31,217.62459683243958,train
2024-06-01,690.6722190030529,train
2024-06-02,306.832940004893,train
2024-06-04,194.1872557880725,train
2024-06-05,150.09101867372607,train
2024-06-06,132.05428004832527,train
2024-06-07,291.18971595638664,train
2024-06-08,613.0986141608483,train
2024-06-09,329.7377457625024,train
2024-06-11,87.62231416624033,train
2024-06-12,39.48864919848664,train
2024-06-13,273.83311750700784,train
2024-06-14,209.30083876333615,train
2024-06-15,535.1198194265457,train
2024-06-16,288.3273387900642,train
2024-06-18,62.76970271304443,train
2024-06-19,79.3593345809516,train
2024-06-20,155.97495474969523,train
2024-06-21,250.6909862411694,train
2024-06-22,496.39234838250076,train
2024-06-23,166.44621924691927,train
2024-06-25,93.68858569365368,train
2024-06-26,77.63727753953415,train
2024-06-27,141.58203093966344,train
2024-06-28,230.14496449827462,train
2024-06-29,307.9009047919232,train
2024-06-30,175.69323142730366,train
2024-07-02,151.4599816663151,train
2024-07-03,95.49746914052074,train
2024-07-04,148.40658640800348,train
2024-07-05,167.65600049618396,train
2024-07-06,353.39794124752353,train
2024-07-07,295.27055701251874,train
2024-07-09,131.16286228570917,train
2024-07-10,72.54925018018649,train
2024-07-11,127.66665235960453,train
2024-07-12,157.91118359122174,train
2024-07-13,435.1450019783396,train
2024-07-14,73.47250429146744,train
2024-07-16,98.75924777191143,train
2024-07-17,118.79878214968345,train
2024-07-18,85.11013683523136,train
2024-07-19,177.441336390356,train
2024-07-20,195.00631821281388,train
2024-07-21,57.22149540481379,train
2024-07-23,75.35953150323915,train
2024-07-24,74.74595823806185,train
2024-07-25,109.70516328559337,train
2024-07-26,194.44773500442133,train
2024-07-27,259.82222988095435,train
2024-07-28,170.61967513553094,train
2024-07-30,110.82522391589346,train
2024-07-31,46.55342438857062,train
2024-08-01,153.96926478380905,train
2024-08-02,64.51780767609675,train
2024-08-03,228.692069313751,train
2024-08-04,89.86532964035547,train
2024-08-06,41.60721349145734,train
2024-08-07,95.66533352439002,train
2024-08-08,119.17792412014678,train
2024-08-09,105.28280503469279,train
2024-08-10,206.01011799679557,train
2024-08-11,83.16811956667487,train
2024-08-16,199.06689977434107,train
2024-08-17,242.37301659909593,train
2024-08-23,110.59079262117949,train
2024-08-24,200.65871720758406,train
2024-08-25,119.00716552276253,train
2024-08-27,62.127187312717254,train
2024-08-28,104.52452109376613,train
2024-08-29,136.7863191453295,train
2024-08-30,141.0871204286006,train
2024-08-31,491.37667636102776,train
2024-09-01,199.16240882033563,train
2024-09-03,129.36844990641706,train
2024-09-04,58.57598732982784,train
2024-09-05,184.4337562425653,train
2024-09-06,261.1043664680937,train
2024-09-07,567.5928950647032,train
2024-09-08,270.29928280520835,train
2024-09-10,98.32511574466334,train
2024-09-11,52.36500512666511,train
2024-09-12,260.9307136571945,train
2024-09-13,284.30727621774685,train
2024-09-14,542.0485665814253,train
2024-09-15,284.3969968367114,train
2024-09-17,143.85977697595843,train
2024-09-18,102.8661367496784,train
2024-09-19,121.62642875382603,train
2024-09-20,311.7965161830962,train
2024-09-21,619.338538499161,train
2024-09-22,254.41873324847305,train
2024-09-24,120.96365385889395,train
2024-09-25,71.39156477419158,train
2024-09-26,142.8902154484377,train
2024-09-27,319.2028085679487,train
2024-09-28,693.355154931446,train
2024-09-29,612.0509088684229,train
2024-10-01,79.03228845375803,train
2024-10-02,116.45446920254375,train
2024-10-03,177.06508863340764,train
2024-10-04,234.16502707059198,train
2024-10-05,843.2291075915481,train
2024-10-06,203.21720195483283,train
2024-10-08,168.43454393171555,train
2024-10-09,92.78559107697764,train
2024-10-10,267.08381159005745,train
2024-10-11,314.0163779490914,train
2024-10-12,748.2062894674851,train
2024-10-13,364.2888667044207,train
2024-10-15,160.12525693018702,train
2024-10-16,130.1093685662538,train
2024-10-17,222.94126705947124,train
2024-10-18,264.8292192618824,train
2024-10-19,428.23651431806496,train
2024-10-20,278.2554757579084,train
2024-10-22,89.50644716449705,train
2024-10-23,305.8662726908872,train
2024-10-24,242.55535205054014,train
2024-10-25,283.60108812008997,train
2024-10-26,402.4432834724982,train
2024-10-27,171.96259020648506,train
2024-10-29,166.87745706065238,train
2024-10-30,81.05534370073416,train
2024-10-31,523.670310761256,train
2024-11-01,291.8351255702288,train
2024-11-02,322.9537092833721,train
2024-11-03,339.12946861863617,train
2024-11-05,159.55220265421954,train
2024-11-06,146.56007818544157,train
2024-11-07,410.688897776697,train
2024-11-08,157.34391774228422,train
2024-11-09,617.8509127524576,train
2024-11-10,260.63839809218075,train
2024-11-12,151.85938313138334,train
2024-11-13,116.98121606227143,train
2024-11-14,309.3740594710518,train
2024-11-15,307.0181696698521,train
2024-11-16,961.5590271518035,train
2024-11-17,234.8683209547339,train
2024-11-19,141.67175155862805,train
2024-11-20,147.7409172995564,train
2024-11-21,168.2637853343313,train
2024-11-22,404.9091533872674,train
2024-11-23,800.8636101591641,train
2024-11-24,341.93106730114386,train
2024-11-26,187.88655296594513,train
2024-11-27,104.04697586379322,train
2024-11-28,469.31119252276466,train
2024-11-29,409.24179101920333,train
2024-11-30,1010.5493793199935,train
2024-12-01,255.36224685435892,valid
2024-12-02,77.33917354749047,valid
2024-12-03,99.59856969125775,valid
2024-12-04,193.08166622534733,valid
2024-12-05,372.1611274651862,valid
2024-12-06,654.8534325415701,valid
2024-12-07,1350.8075912094748,valid
2024-12-08,355.105527221366,valid
2024-12-09,206.07957912115526,valid
2024-12-10,321.2258638149248,valid
2024-12-11,300.3122769556266,valid
2024-12-12,661.486969917921,valid
2024-12-13,1021.2869114605963,valid
2024-12-14,1502.0505068621658,valid
